IsomericSMILES,log_odt
BrBr,8.24935600689591
BrC(Br)I,8.573641675649048
BrC(I)I,8.823989328500616
Brc1ccccc1,7.414186770900018
C#C,4.708037446566211
C#CCCCCCC,5.257564301882891
C#N,8.931781772429124
C/C=C/C,4.847488629394388
C/C=C/C(=O)/C(C)=C(/C)C(C)C,11.521828220266226
C/C=C/C(=O)/C(C)=C(\C)C(C)C,8.521828220266226
C/C=C/C(=O)C(C)CC,12.197965926583347
C/C=C/C(=O)C1=C(C)C=CCC1(C)C,12.182496823905296
C/C=C/C(=O)CCCC,8.80002591791131
C/C=C/C(=O)CCCCC,10.280631665884945
C/C=C/C=C/C=O,10.72758191940225
C/C=C/C=C/CCCC,10.528727651620976
C/C=C/C=O,8.222412965781732
C/C=C/CCC=O,10.553182506419157
C/C=C/CCCCC,7.74902478831771
C/C=C/CCCCCCCC=O,11.797366255129324
C/C=C/c1ccc(OC)cc1,9.832406362101995
C/C=C\C,6.824007533544866
C/C=C\CC=O,9.6944400169193
C1=CC2C3C=CC(C3)C2C1,9.917131182839846
C1=CCC=C1,7.12125116549577
C1=CCCCC1,8.136435170458382
C1=COCC1,8.414298492020645
C1=Cc2ccccc2C1,9.857581145508881
C1=NCCC1,9.534191958700472
C1CCCCC1,6.04064907628
C1CCCCCCC1,7.493752283214404
C1CCNC1,7.852010067084306
C1CCOC1,6.602704922082241
C1CCSC1,10.66454436644579
C1CN1,7.31367575950963
C1CO1,4.971877631181967
C1COCCN1,9.338067845334747
C1COCCO1,5.8979446868613845
C1COCO1,6.162124935029867
C1CS1,7.438582080808453
C=C,5.153858939232563
C=C(C#N)C(=O)OC,7.153940917805692
C=C(C)C,6.480115240781073
C=C(C)C#N,6.733044955223587
C=C(C)C(=O)CCC,9.04988446330992
C=C(C)C(=O)CCCCC,10.669707291076767
C=C(C)C(=O)CCCCCC,11.188233619193293
C=C(C)C(=O)OC,8.20811613802437
C=C(C)C(=O)OCC,9.358483083322241
C=C(C)C(=O)OCC(CC)CCCC,8.394245867543518
C=C(C)C(=O)OCCCC,9.15289348813023
C=C(C)C(C)=O,7.924888938297574
C=C(C)C1CC=C(C)C(=O)C1,11.082970288272666
C=C(C)C1CC=C(C)CC1,8.812078964741035
C=C(C)C1CC=C(C=O)CC1,9.233332121420027
C=C(C)C1CCC(C)=C1CC(C)(C)COC(=O)CC,10.769063719881734
C=C(C)C1CCC(C)CC1=O,11.301706624825005
C=C(C)C=O,9.447722247507595
C=C(C)[C@@H]1CC=C(C)C(=O)C1,9.75389395765719
C=C(C)[C@@H]1CC=C(C)CC1,7.879025754371648
C=C(C)[C@H]1CC=C(C)C(=O)C1,9.699609393971233
C=C(C)[C@H]1CC=C(C)CC1,8.506932402882223
C=C(C)c1ccc(C)cc1,7.997399524528684
C=C(C)c1ccccc1,8.20235896602498
C=C(Cl)Cl,4.534975941656483
C=C/C(C)=C/CC=C(C)C,9.862456652938455
C=C/C(C)=C\CC=C(C)C,10.134298259474955
C=C/C=C/C(C)OCC,10.987112561268454
C=C/C=C/C=C/C/C=C\CC,8.781916147360858
C=C/C=C/C=C/CCCCC,8.057577522016967
C=C/C=C/C=C\C/C=C\CC,12.719446779056709
C=C/C=C\C=C\CCCCC,13.026342837864892
C=C1C2CCC(C2)C1(C)C,7.218078563365381
C=C1CC(=O)O1,9.645908109442829
C=C1CC/C=C(\C)CC[C@@H]2[C@@H]1CC2(C)C,8.134298259474955
C=C1CCC2(C(C)C)CC12,8.337519607822948
C=C1CCC2CC1C2(C)C,7.184908252830042
C=C1[C@@H]2CC[C@@H](C2)[C@@]1(C)CC/C=C(/C)CO,11.610731120443505
C=CC,6.162982912989902
C=CC#N,6.819683725292778
C=CC(=C)C,8.026296587657555
C=CC(=C)CCC=C(C)C,9.485938248494023
C=CC(=C)Cl,7.995579808701646
C=CC(=O)C/C=C/CC,11.642517153781654
C=CC(=O)C/C=C\CC,12.793032151613644
C=CC(=O)CC,9.623858942633593
C=CC(=O)CCC,12.491868179354045
C=CC(=O)CCCC,11.67579044980682
C=CC(=O)CCCCC,11.473419661023637
C=CC(=O)CCCCCC,12.845798550132448
C=CC(=O)CCCCCCC,11.188233619193293
C=CC(=O)CCCCCCCC,11.476032503344959
C=CC(=O)CCCCCCCCC,9.38316709192893
C=CC(=O)CCCCCCCCCCCC,7.88860162976033
C=CC(=O)O,7.681621078890814
C=CC(=O)OCC,11.000507827522622
C=CC(=O)OCC(C)C,10.271740843760263
C=CC(=O)OCC(CC)CCCC,8.506218876925503
C=CC(=O)OCCCC,10.258304770560112
C=CC(C)(CCC=C(C)C)OC(C)=O,8.132620159397888
C=CC(C)(O)CCC=C(C)C,10.847613000505499
C=CC(C)=O,8.146692251843614
C=CC(CCCCC)OO,11.230341174633894
C=CC(O)C/C=C\CC,10.987112561268454
C=CC(O)CC,8.115630680460905
C=CC(O)CC=CCCCCC,9.726032503344959
C=CC(O)CCC,9.828149631844788
C=CC(O)CCCCC,9.844769198002304
C=CC(O)CCCCCC,10.101997854422066
C=CC(O)CCCCCCC,9.659771970981014
C=CC(O)CCCCCCCC,9.197103585116835
C=CC(O)CCCCCCCCC,8.23147866824718
C=CC(O)CCCCCCCCCCCC,6.178792836440154
C=CC=C,7.572023391995348
C=CC=CC(C)O,7.212271688096219
C=CC=O,8.75307104230572
C=CCC,7.669843542270085
C=CCCC,8.38353680342681
C=CCCC=O,9.6944400169193
C=CCCCC,8.243874809997804
C=CCCCC=O,9.91268693330642
C=CCCCCCC,7.351084779645673
C=CCCCCCC=O,10.10105591357529
C=CCCCCCCC,8.593527428724466
C=CCCCCCCC=O,11.845798550132448
C=CCCCCCCCC,6.578763072922753
C=CCCCCCCCC=O,10.845810938371086
C=CCCl,6.966469099196994
C=CCN(CC=C)CC=C,7.775708568259521
C=CCN=C=S,8.869847716617201
C=CCNCC=C,7.084401989007833
C=CCO,7.275164805047614
C=CCOC(=O)CCCCC,8.344265531171436
C=CCS,12.719584443430213
C=CCSC,11.246375464003508
C=CCSCC=C,10.135166519164887
C=CCSSCC=C,10.18566425550546
C=CCSSSSCC=C,13.388576181198543
C=CCc1cc(OC)c2c(c1)OCO2,11.107693757478286
C=CCc1ccc(O)c(OC)c1,12.080439123564586
C=CCc1ccc(OC)cc1,12.056919503399762
C=CCc1ccc2c(c1)OCC(=O)CO2,12.602538728633728
C=CCc1ccc2c(c1)OCO2,9.617159389040918
C=CCc1ncc(C)nc1C,8.693753322281665
C=CCl,4.958350700598828
C=COC(C)=O,8.133922712153877
C=C[C@@](C)(O)CCC=C(C)C,9.883970602404695
C=C[C@](C)(O)CCC=C(C)C,11.465544556213738
C=Cc1ccc(O)c(OC)c1,11.076736914175065
C=Cc1ccccc1,8.85655796662515
C=Cc1ccccn1,7.907824620375569
C=Cc1cnc(C)c(CC)n1,8.153841237702547
C=Cc1cnc(CC)c(C)n1,8.153841237702547
C=Cc1cnccn1,8.507316040076413
C=Cc1nc(C)cnc1C,8.195794991463057
C=Cc1nc(C)cnc1CC,9.16131643177779
C=Cc1ncc(C)nc1C,13.088103637779493
C=Cc1ncc(C)nc1CC,13.097810559162207
C=Cc1nccnc1C,9.140222595157407
C=Cc1scnc1C,8.620469198710031
C=O,8.190238913472804
CC,3.08019341942848
CC#CC,6.41600531957815
CC#CCCCCC,8.653105969323944
CC#N,5.158500039226234
CC(=O)/C=C/C1C(C)=CCC(C)C1(C)C,11.01353027765497
CC(=O)/C=C/C1C(C)=CCCC1(C)C,12.283983801058277
CC(=O)/C=C/[C@@H]1C(C)=CCCC1(C)C,10.852620036899289
CC(=O)/C=C/[C@H]1C(C)=CCCC1(C)C,10.77883382273837
CC(=O)C(C)(C)C,8.74542614674861
CC(=O)C(C)=O,10.23598270348184
CC(=O)C(C)C,7.6799021108994685
CC(=O)C(C)S,10.827653719359988
CC(=O)C(O)CC(C)C,7.715728976350966
CC(=O)C(O)Cc1ccccc1,8.80768070584071
CC(=O)C1=CSCCN1,12.553916385972276
CC(=O)C1=NCCC1,12.594341029209527
CC(=O)C1=NCCS1,12.673543066196707
CC(=O)C=C(C)C,7.728698540659122
CC(=O)C=CC1=C(C)CCCC1(C)C,9.214044257857658
CC(=O)CC(C)(C)O,6.491976032703426
CC(=O)CC(C)(C)S,12.519263437784618
CC(=O)CC(C)=O,9.398447836194661
CC(=O)CC(C)C,7.959305966693692
CC(=O)CC(C)S,11.414635978035431
CC(=O)CC(S)C(C)C,11.68798946745535
CC(=O)CCC(C)C,9.279469215981415
CC(=O)CCC1=C(C)CCCC1(C)C,11.05806411050611
CC(=O)CCC=C(C)C,9.824823955653457
CC(=O)CCCCS,11.644202174392918
CC(=O)CCCS,12.771591155099909
CC(=O)CS,10.049835019424997
CC(=O)N(C)C,6.2395065205201
CC(=O)Nc1ccccc1,5.699503697643603
CC(=O)O,8.2103257518601
CC(=O)OC(C)(C)C,8.533577686313762
CC(=O)OC(C)=O,8.318782869730645
CC(=O)OC(C)C,7.036038235228704
CC(=O)OC(C)CC(C)C,8.542706992406956
CC(=O)OC(C)c1ccccc1,11.914353736636912
CC(=O)OC/C=C(/C)CCC=C(C)C,7.473240778085682
CC(=O)OC/C=C(\C)CCC=C(C)C,7.655498904678226
CC(=O)OC1CCC(C(C)(C)C)CC1,9.910662083545052
CC(=O)OCC(C)C,7.334607681977745
CC(=O)OCC(C)CS,8.84664486361544
CC(=O)OCCC(C)(C)S,11.471634784778304
CC(=O)OCCC(C)C,8.899034774502674
CC(=O)OCCC(C)CCC=C(C)C,8.806467117192017
CC(=O)OCCC(C)S,10.216684809473806
CC(=O)OCCCS,10.173510006393649
CC(=O)OCCOC(C)=O,8.386623796125077
CC(=O)OCCc1ccccc1,10.088278933936085
CC(=O)OCc1ccccc1,8.661665250873828
CC(=O)Oc1ccc(C)cc1,12.87557342876217
CC(=O)c1c(C)c([N+](=O)[O-])c(C(C)(C)C)c([N+](=O)[O-])c1C,11.929209968757142
CC(=O)c1cc2c(cc1C)C(C)(C)C(C)C2(C)C,10.561987303498752
CC(=O)c1cc2c(cc1C)C(C)(C)C(C)CC2(C)C,10.139639423379412
CC(=O)c1ccc(C)cc1,10.738605688988086
CC(=O)c1ccccc1,10.079727389727307
CC(=O)c1cnccn1,11.484751697635113
CC(=O)c1nccs1,10.496955917069853
CC(C)(C)C(=O)CS,10.8202934334486
CC(C)(C)C=O,7.096325525265518
CC(C)(C)N,8.15657884201168
CC(C)(C)O,6.132699168760787
CC(C)(C)S,10.67640960127482
CC(C)(C)SC(C)(C)C,8.660091379275219
CC(C)(C)[Si](C)(C)C(C)(C)O,11.241446860345647
CC(C)(C)c1ccc(C=O)cc1,9.397223165567107
CC(C)(C)c1ccc(CCC=O)cc1,10.602089346669395
CC(C)(CO)CS,12.477905894676102
CC(C)(O)CS,10.327113616464969
CC(C)(O)[Si](C)(C1CC1)C1CC1,11.061534938201113
CC(C)(OO)c1ccccc1,9.70527342313352
CC(C)(S)CC=O,11.294469900380246
CC(C)(S)CCO,10.477905894676102
CC(C)(S)CCOC=O,14.71938232541716
CC(C)(S)S,15.478049170360661
CC(C)=C1CC[C@@H](C)CC1=O,11.07337328133101
CC(C)=CCC/C(C)=C/C=O,9.816323337194312
CC(C)=CCC/C(C)=C/CO,9.873528819641933
CC(C)=CCC/C(C)=C\C=O,10.238037544955628
CC(C)=CCC/C(C)=C\CO,10.255089949651195
CC(C)=CCCC(C)(O)C=[Si],9.970842575507083
CC(C)=CCCC(C)CC=O,11.627946653590367
CC(C)=CCCC(C)CCO,10.820555733545723
CC(C)=CCC[C@@H](C)CCO,9.54335783518252
CC(C)=CCC[C@H](C)CCO,9.54335783518252
CC(C)=CCS,13.527745217391653
CC(C)=C[C@@H]1C[C@H](C)CCO1,10.58617362786533
CC(C)=C[C@H]1C[C@@H](C)CCO1,12.037718621361302
CC(C)=C[C@H]1C[C@H](C)CCO1,9.121464165008184
CC(C)=O,6.068005007286786
CC(C)C,5.157462532179974
CC(C)C(=O)O,9.831062132474829
CC(C)C(=O)OCC(C)(C)C(O)C(C)C,8.571670688342271
CC(C)C(=O)OCC(C)(C)C(OC(=O)C(C)C)C(C)C,10.310863174272544
CC(C)C(C)C,7.759305151803157
CC(C)C1=CC=C(C=O)CC1,11.026215650858905
CC(C)C=O,9.598720457246603
CC(C)CC(=O)C(C)O,7.99388022673461
CC(C)CC(=O)CC(C)C,7.184544901532112
CC(C)CC(=O)O,10.57252154949734
CC(C)CC(=O)OC(C)S,7.65874541416526
CC(C)CC(C)(C)C,7.566426086754059
CC(C)CC(C)C,5.061370139753255
CC(C)CC(C)O,7.863225111615233
CC(C)CC(O)CC(C)C,8.88038630586292
CC(C)CC=O,10.731054633346849
CC(C)CCC(=O)O,10.141578940846106
CC(C)CCCC(C)CCO,11.301812669270646
CC(C)CCO,8.880764327408421
CC(C)CCOC=O,5.891870334943745
CC(C)CCS,13.499428794685938
CC(C)CN,10.210936504334272
CC(C)CO,7.508636027052368
CC(C)COC(=O)C(C)C,7.696609424950572
CC(C)COC(=O)CC(C)C,9.667840101732523
CC(C)COC=O,7.6869467940944824
CC(C)COCCO,9.11828677653156
CC(C)CS,12.327526949675995
CC(C)N,8.533115026190877
CC(C)NC(C)C,8.256962444326447
CC(C)O,5.7660083415448256
CC(C)OC(=O)C(C)C,8.835814018378105
CC(C)OC(C)C,9.164255107279214
CC(C)OC=O,7.945005484781666
CC(C)S,11.288130434445842
CC(C)SC(C)C,10.227684745604309
CC(C)[C@@H]1CC[C@@H](C)C[C@H]1O,7.82237287587327
CC(C)[C@@H]1CC[C@@]2(C)O[C@H]2C1=O,9.87514775090839
CC(C)[C@@H]1CC[C@H](C)CC1=O,9.581304356802141
CC(C)[C@@]12CC[C@@](C)(O)[C@@H]1C2,7.736167310756181
CC(C)[C@]12CC(=O)[C@H](C)[C@H]1C2,6.771109394454244
CC(C)[N+](=O)[O-],5.948725767984039
CC(C)c1ccc(C=O)cc1,9.236364404463032
CC(C)c1cccc(C=O)c1,9.44658698610581
CC(C)c1ccccc1,9.068771571238528
CC(C)c1ccccc1C=O,9.915590350603294
CC(C=O)CS,9.540638085496129
CC(C=O)Cc1ccc(C(C)(C)C)cc1,12.31029600074231
CC(C=O)Cc1ccc(C(C)C)cc1,13.78804514307908
CC(C=O)Cc1ccc2c(c1)OCO2,9.464946810620718
CC(CC=O)CCCC(C)(C)O,13.3973555209295
CC(CCl)OC(C)CCl,8.815638188370363
CC(CO)CS,11.18098558078673
CC(CO[N+](=O)[O-])O[N+](=O)[O-],8.016220887619102
CC(Cl)(Cl)Cl,6.101924525012246
CC(Cl)CCl,7.212407858839434
CC(N)CN,9.267916432781234
CC(O)C(=O)O,7.0003762255434525
CC(O)CC(C)(C)O,6.793775685018056
CC(O)CC(C)(C)S,12.17365237468927
CC(O)CCc1ccccc1,9.82040579787729
CC(O)CNCC(C)O,9.809204444842539
CC(O)CO,6.677236138717161
CC(O)CS,9.301798771357637
CC(O)c1ccccc1,8.609832654514328
CC(S)C(C)C=O,12.771591155099909
CC(S)C(C)CO,12.079965886004064
CC(S)CC=O,9.415699348887829
CC(S)CCO,11.026083620800987
CC(S)c1ccco1,13.153631965002216
CC(S)c1cccs1,12.955037987024298
CC/C=C/C=C/C=C/C=O,10.490705298753657
CC/C=C/C=C/C=O,9.286133301701035
CC/C=C/C=O,7.778760902619337
CC/C=C/CC(=O)OCC,8.604438481626202
CC/C=C/CC/C=C/C=O,11.52423903652977
CC/C=C/CCCCC=O,11.29475328737653
CC/C=C/CCCCCC=O,9.909480018240464
CC/C=C\C/C=C/CC=O,10.742599458300305
CC/C=C\C/C=C\CC=O,11.693381435630123
CC/C=C\CC(=O)OCC,10.00237849029824
CC/C=C\CC/C=C/C=O,11.446001654376431
CC/C=C\CC/C=C/CO,12.301730505782173
CC/C=C\CC=O,11.00073256283426
CC/C=C\CCCC=O,11.402085909239272
CC/C=C\CCCCC=O,12.000700510118191
CC/C=C\CCCCCC=O,10.845810938371086
CC/C=C\CCCCCCC=O,10.399957700644132
CC/C=C\CCO,9.88675529954508
CC/C=C\CCOC(C)=O,9.897620983026926
CC1(C)CC(=O)CC(=O)C1,6.514234959658889
CC1(C)CCCC2=C1CC(C=O)CC2,13.806862546338614
CC1(C)CCc2cc3c(cc21)OCC(=O)CO3,11.625647258160582
CC1(C)[C@@H]2CC[C@@]1(C)[C@](C)(O)C2,11.544791265969371
CC1(C)[C@@]2(C(=O)O)CC[C@]1(C)C(O)C2,8.875522094619942
CC1(C)[C@H]2CC[C@]1(C)C(=O)C2,7.263442124729723
CC1(Cc2ccco2)OC=CC1SSC1C=COC1(C)Cc1ccco1,14.68855996615259
CC12CCC(C1)C(C)(C)C2O,9.042105583515054
CC12CCC(CC1)C(C)(C)O2,10.01655668114762
CC12CCC(CC1=O)C2(C)C,7.729201877058759
CC1=C(O)C(=O)C(C)O1,11.063617842813935
CC1=C(O)C(=O)CC1,9.899199077983958
CC1=C(O)C(=O)CC1C,11.600904467928324
CC1=C(O)C(=O)OC1C,12.068050034554044
CC1=C2CC[C@@H](C)C=C2OC1=O,10.969702885383757
CC1=C2CC[C@@H](C)C[C@H]2OC1=O,10.670498005415563
CC1=CC(=O)CC(C)(C)C1,9.504618663704093
CC1=CC(C)C(C=O)CC1,11.25972587469155
CC1=CC2OCC(C)=C2CC1,11.026215650858905
CC1=CC2OCC(C)C2CC1,9.730975223609825
CC1=CC=C(C(C)C)CC1,7.236671168184514
CC1=CCC(C(C)(C)O)CC1,9.061952726090126
CC1=CCC(C(C)(C)S)CC1,14.23126819829644
CC1=CCC(C(C)C)=CC1,7.065146910391814
CC1=CCC(C(C)C)C=C1,8.137394562247893
CC1=CCC(C(C)C)CC1,7.792644088061195
CC1=CCC(O)(C(C)C)CC1,8.417381607551148
CC1=CCC2C(C1)C2(C)C,7.16581531092102
CC1=CCC2CC1C2(C)C,9.134298259474955
CC1=CCCCCCCCCCCCCC1=O,9.108827812078697
CC1=CC[C@@H](C(C)C)C=C1,8.910719243803845
CC1=CC[C@@H]2C[C@H]1C2(C)C,8.845552359556342
CC1=CC[C@@H]2[C@H](C1)C2(C)C,7.532238268146992
CC1=CC[C@H](C(C)C)C=C1,9.165815310921019
CC1=CC[C@H]2C[C@@H]1C2(C)C,8.603007267360873
CC1=NCC(C)N=C1C,9.322873745478596
CC1=NCSC1,12.005068920534539
CC1CCC(C(C)C)C(=O)C1,9.686024196336401
CC1CCC(C(C)C)C(O)C1,9.079929480707674
CC1CCCC(=O)S1,9.772228328706701
CC1CCCC1,7.161688053810454
CC1CCCCC1,8.21391158662036
CC1CCCCC1=O,8.130806370933847
CC1CCCCCCCCCCCCC(=O)C1,9.914935577885247
CC1CCc2cc3c(cc21)OCC(=O)CO3,11.92398488417762
CC1CO1,5.736490416467328
CC1COCc2cc3c(cc21)C(C)(C)C(C)C3(C)C,11.31995519736394
CC=C1CC2C=CC1C2,9.232594880705584
CC=CC=CCO,8.09589344699498
CC=CC=CCOCC,8.040358073221679
CC=CCCCCC=O,11.845783408471984
CC=O,8.860462306038155
CCC,3.7575158221299976
CCC(=O)C(C)=O,9.525580053879835
CCC(=O)C(C)O,8.101463062368218
CCC(=O)C(C)S,11.294469900380246
CCC(=O)C1=NCCC1,12.796473726190994
CCC(=O)C1=NCCS1,12.310878337285981
CCC(=O)CC,6.937357018703999
CCC(=O)CC(C)CC,6.616577142862954
CCC(=O)CC(C)S,11.8202934334486
CCC(=O)CCS,12.118378641324565
CCC(=O)CS,10.415699348887829
CCC(=O)O,8.162081563682339
CCC(=O)OC,8.40093744043139
CCC(=O)OC(=O)CC,7.582941896639037
CCC(=O)OC(C)C,9.764026607692037
CCC(=O)OCC(C)C,9.073174934172709
CCC(=O)OCCC(C)C,6.663463085303079
CCC(=O)SC,9.168274338047782
CCC(C)(C)C,6.0902983708445815
CCC(C)(C)O,8.440072338315435
CCC(C)(C)S,10.841851475508143
CCC(C)(CCCC(C)C=O)OC,11.378106596266152
CCC(C)(O)CCc1ccccc1,8.908667764297673
CCC(C)=O,6.770453577422463
CCC(C)C,7.278458758098528
CCC(C)C(=O)O,9.70813609316442
CCC(C)C(=O)OC,9.723414445459627
CCC(C)C(C)=O,9.009472576159421
CCC(C)C(C)C,6.745616887268568
CCC(C)CC,6.444034717024565
CCC(C)CO,7.113560349821235
CCC(C)COC(C)=O,9.410221559360522
CCC(C)N,8.15657884201168
CCC(C)O,7.700924050609396
CCC(C)OC(C)=O,8.348411760758506
CCC(C)S,11.913770517069423
CCC(C)c1nccnc1OC,13.743572474205386
CCC(C=O)CS,8.958677798457053
CCC(CC)CC,7.824798133316193
CCC(CC)CO,8.532231892573808
CCC(CO)(CO)CO,7.848918003006244
CCC(CS)COC(C)=O,9.16880272697991
CCC(O)(CC)[Si](C)(C1CC1)C1CC1,9.725112923000156
CCC(O)C(C)=O,7.800433066704237
CCC(O)CCS,11.380995881668046
CCC(S)C(C)=O,12.07262115076389
CCC(S)C(C)COC(C)=O,11.401107465479457
CCC(S)CC=O,10.07262115076389
CCC(S)CCO,13.079965886004064
CCC(S)CCOC(C)=O,10.210195412138134
CCC(SC)C(=O)OC,9.129534633754906
CCC/C(C)=C/C(=O)O,9.24561087061491
CCC/C=C/C(=O)OCC,8.92931447245912
CCC/C=C/C=C/C=O,10.01488090123
CCC/C=C/C=O,8.310626941978457
CCC/C=C/CCCCC=O,10.754834003952958
CCC/C=C/CCCCCCC=O,9.742289404602696
CCC/C=C\C=O,9.047385507203876
CCC/C=C\CCCCC=O,12.73668862569732
CCC1=NC(C)CN=C1C,11.784526178716272
CCC1=NCC(C)N=C1C,13.839522040245413
CCC1=NCC(C)N=C1CC,13.580471636637915
CCC1OC(=O)C(O)=C1C,13.701214091096698
CCC1OC(C)=C(O)C1=O,12.00224408676068
CCC=O,9.406024935874637
CCCC,4.296098622861268
CCCC(=O)C(C)CC,11.528757590649601
CCCC(=O)C(C)O,7.8563235812318535
CCCC(=O)O,9.920784583006462
CCCC(=O)OC,9.53204483410874
CCCC(=O)OC(C)C,9.596053679453046
CCCC(=O)OC(C)S,8.106469329686213
CCCC(=O)OC(S)CCC,8.196987482823532
CCCC(=O)OCC,10.98437260223853
CCCC(=O)OCC(C)C,8.544807243498026
CCCC(=O)OCCC(C)C,9.12625500093566
CCCC(=O)SC,9.110481507732949
CCCC(C)(C)C,5.807764794017412
CCCC(C)=CC(=O)O,9.961661737049884
CCCC(C)=O,6.784442579431124
CCCC(C)C,6.537456402186801
CCCC(C)C(O)CC(=O)O,10.570760043032601
CCCC(C)C=O,8.398638660523954
CCCC(C)CC,7.469410475329619
CCCC(C)CCC,7.154697793596388
CCCC(C)CO,9.00935314729347
CCCC(C)O,7.94522231663534
CCCC(O)CCC,6.469724855867537
CCCC(OC)OC(C)=O,8.332396870217389
CCCC(S)CC=O,12.644202174392918
CCCC(S)CCO,12.525834892800631
CCCC(S)CCOC(C)=O,11.945175509829733
CCCC(S)OC(=O)CC,8.556982898362792
CCCC/C=C/C(C)=O,10.037503514392887
CCCC/C=C/C=C/C=O,11.742599458300305
CCCC/C=C/CCC=O,10.804405864974223
CCCC/C=C/CCCC=O,9.656754702151037
CCCC/C=C\CC=O,9.556987869225015
CCCC/C=C\CCC=O,10.493616032021086
CCCC/C=C\CCCC=O,9.440045592187092
CCCC1CCCC(=O)S1,11.354289586166171
CCCC1OC1C=CC=O,10.000564216165376
CCCC=CC(=O)CC,9.402085909239272
CCCC=CC(=O)CCC,8.44785854146041
CCCC=O,9.046352781986597
CCCCC,6.279816404180332
CCCCC(=O)C(C)O,8.55634959503876
CCCCC(=O)O,9.387647064485254
CCCCC(=O)OC,10.023663918197794
CCCCC(=O)OC(S)CCC,8.005299195895796
CCCCC(=O)OCC,9.95545898582337
CCCCC(=O)OCCC,9.880253821896698
CCCCC(=O)SC,8.771838426944571
CCCCC(C)=CCC(=O)O,9.85132785251724
CCCCC(C)=O,8.16903668503781
CCCCC(C)C,7.7704404709936
CCCCC(C)CC,7.2065294318692565
CCCCC(C)O,6.310383142957452
CCCCC(C=O)CS,10.56305073084705
CCCCC(CC)CO,8.362139386212311
CCCCC(CC)COC(C)=O,8.391106571652498
CCCCC(CS)COC(C)=O,10.279457045159475
CCCCC(S)CC=O,11.68798946745535
CCCCC(S)CCOC(C)=O,11.501305794775831
CCCCC/C=C/C(C)=O,9.669707291076767
CCCCC/C=C/C=C/C=O,11.92724771200249
CCCCC/C=C/C=O,9.988401272712359
CCCCC/C=C/CCC=O,9.790293610521255
CCCCC/C=C\C/C=C\C=C\C=O,12.43888576104402
CCCCC/C=C\C=C\C=O,13.182520217105797
CCCCC/C=C\C=O,10.292925047874668
CCCCC/C=C\CCC=O,10.69687192535902
CCCCC1=NCC(C)N=C1C,9.995499391061385
CCCCC1OC(=O)CC1C,10.109722881609876
CCCCC1OC(=O)c2ccccc21,7.4342083629899545
CCCCC1OC1/C=C/C=O,11.765560700895072
CCCCC=O,9.024614454114362
CCCCCC,5.906012633173629
CCCCCC#CC(=O)OC,12.88707972523822
CCCCCC(=O)C(C)C(C)=O,13.235479184552743
CCCCCC(=O)C(C)O,9.038320030253203
CCCCCC(=O)CC,10.993995484390389
CCCCCC(=O)CC(=O)CC,10.206968456497004
CCCCCC(=O)CCC(C)=O,8.267663867924144
CCCCCC(=O)CCCC=O,11.039184539408774
CCCCCC(=O)O,10.107441515848278
CCCCCC(=O)OC(C)S,8.128934209837949
CCCCCC(=O)OCC,9.651651331835023
CCCCCC(=O)SC,8.815625720007002
CCCCCC(C)=O,8.118359568614455
CCCCCC(C)C,8.341784436953532
CCCCCC(C)CO,9.062129661372598
CCCCCC(C)O,9.065221077693112
CCCCCC(O)C(C)=O,8.251304396389344
CCCCCC(S)CC(C)=O,11.940289815711237
CCCCCC(S)CC=O,13.20488475292428
CCCCCC(S)CCOC(C)=O,10.356100252714327
CCCCCC/C=C/C=O,11.44785854146041
CCCCCC/C=C/CC=O,9.790293610521255
CCCCCC/C=C\C=O,12.804405864974223
CCCCCC/C=C\CC=O,10.395841929695038
CCCCCC1CCC(=O)O1,14.290660546347503
CCCCCC1CCCC(=O)S1,11.425161435512367
CCCCCC=CCC=O,11.147726898747361
CCCCCC=O,9.523577397132254
CCCCCCC,5.871451077685808
CCCCCCC(=O)O,9.684099308980887
CCCCCCC(=O)OCC,8.819107777063172
CCCCCCC(C)=O,8.481027617343189
CCCCCCC(C)O,8.968586339694026
CCCCCCC(S)CCOC(C)=O,9.163085804344252
CCCCCCC/C=C/C=O,10.627453697099542
CCCCCCC/C=C/CC=O,9.748911248625296
CCCCCCC/C=C\C=O,10.845810938371086
CCCCCCC1CCCC(=O)O1,10.424855228176654
CCCCCCC=O,9.272290631354291
CCCCCCCC,6.2065294318692565
CCCCCCCC(=O)C(C)O,8.726441593878608
CCCCCCCC(=O)O,10.010674827718763
CCCCCCCC(=O)OCC,9.893781930844549
CCCCCCCC(=O)SC,8.891834809207209
CCCCCCCC(C)=O,9.277966586694347
CCCCCCCC(O)C(C)=O,7.891938203399321
CCCCCCCC/C=C/C=O,10.226032503344959
CCCCCCCC/C=C/CC=O,9.617350667994396
CCCCCCCC/C=C\C=O,9.845821261633352
CCCCCCCC/C=C\CC=O,12.704500843713296
CCCCCCCC/C=C\CCCCCCCC(=O)O,6.807516578463638
CCCCCCCC1CCC(=O)O1,11.992204515125382
CCCCCCCC1CCCC(=O)S1,10.632202107182628
CCCCCCCC=O,10.107938836697226
CCCCCCCCC,7.028906603472665
CCCCCCCCC(=O)O,9.120137772727153
CCCCCCCCC(=O)OCC,10.270201198956633
CCCCCCCCC(C)=O,9.284100865243577
CCCCCCCCC/C=C/C=O,10.397480484360129
CCCCCCCCC/C=C\C=O,9.588705486544868
CCCCCCCCC=O,10.203330671598234
CCCCCCCCCC,7.10008372700242
CCCCCCCCCC(=O)CC=O,11.602752812353195
CCCCCCCCCC(=O)OCC,11.18778529520906
CCCCCCCCCC(=O)SC,8.95664610696439
CCCCCCCCCC(C)(C)S,7.528074277590464
CCCCCCCCCC(C)=O,8.362608125797964
CCCCCCCCCC=O,10.778899485043693
CCCCCCCCCCC,7.211723865219455
CCCCCCCCCCC(=O)OCC,11.243075832214332
CCCCCCCCCCC=O,9.687136402800057
CCCCCCCCCCCC,6.911274777222941
CCCCCCCCCCCC=O,9.747065590402789
CCCCCCCCCCCCC,6.642433898551547
CCCCCCCCCCCCCC,7.598558529377837
CCCCCCCCCCCCCCCC,8.655998484989428
CCCCCCCCCCCCCCCCCC,10.104661203918623
CCCCCCCCCCCCO,8.191122514442805
CCCCCCCCCCCCS,14.351983018534781
CCCCCCCCCCCO,6.573557691572085
CCCCCCCCCCCl,7.440680606225541
CCCCCCCCCCO,8.5559870840749
CCCCCCCCCCOC(C)=O,7.255438497170243
CCCCCCCCCO,9.903867401712443
CCCCCCCCC[C@H]1O[C@@H]1C=O,10.109815133699
CCCCCCCCO,9.481128511170757
CCCCCCCCOC(C)=O,8.447458711748142
CCCCCCCCS,12.165241357595125
CCCCCCCC[C@H]1O[C@@H]1C=O,10.48014601185368
CCCCCCCCc1ccccc1,8.128883703283652
CCCCCCCCl,6.463134310573961
CCCCCCCO,8.044524735113999
CCCCCCCOC(C)=O,7.399978469321196
CCCCCCC[C@@H]1O[C@H]1C=O,10.662890498331995
CCCCCCC[C@H]1O[C@@H]1/C=C/C=O,13.514746924634382
CCCCCCCc1ccccc1,7.644199711058487
CCCCCCN,9.051982950430101
CCCCCCO,8.140121427562494
CCCCCCOC(=O)CCC,7.537234607330737
CCCCCCOC(C)=O,8.478143504840732
CCCCCCOCCO,7.767096471322528
CCCCCCS,12.215450289187297
CCCCCC[C@@H](C)O,10.20494240760133
CCCCCC[C@H](C)O,10.18098063144274
CCCCCC[C@H]1O[C@@H]1C=O,10.64968248898917
CCCCCCc1ccc(C=O)cc1,8.78804514307908
CCCCCCc1ccc2c(c1)OCC(=O)CO2,13.116261596472663
CCCCCCc1ccccc1,8.667430649933543
CCCCCCc1ccccn1,11.212890432593678
CCCCCO,7.831278964328504
CCCCCOC(=O)CC,9.229588497135236
CCCCCOC(=O)CCC,6.8864056621319225
CCCCCOC(C)=O,8.136844014042087
CCCCCS,11.367427736731834
CCCCC[C@@H]1O[C@H]1/C=C/C=O,14.026948929625537
CCCCC[C@H]1O[C@@H]1C=O,10.737920140159412
CCCCCc1ccc2c(c1)OCC(=O)CO2,13.255819668276555
CCCCCc1ccccc1,7.3928405221690365
CCCCCc1ccccn1,11.872846514494805
CCCCCc1ccco1,9.285480784416434
CCCCCc1ncc(C)nc1C,9.870888947671009
CCCCCl,6.44795163230092
CCCCI,7.04441048533352
CCCCN,8.320258309204846
CCCCN(CCCC)CCCC,9.07355604136664
CCCCNCCCC,8.236560734529036
CCCCO,7.739084373321631
CCCCOC(=O)C(C)C,8.21044140115848
CCCCOC(=O)C(C)O,15.70250778502467
CCCCOC(=O)CC,8.835814018378105
CCCCOC(=O)CC(C)C,9.307224416084297
CCCCOC(=O)CCC,9.71184939150731
CCCCOC(=O)c1ccccc1C(=O)OCCCC,9.029614757168872
CCCCOC(C)=O,8.286905352972374
CCCCOC=O,7.302516206787775
CCCCOCC(C)O,8.094510007971788
CCCCOCCCC,8.512654384044302
CCCCOCCO,8.373559281634865
CCCCOCCOC(C)=O,7.875692054363494
CCCCS,10.478041947507986
CCCCSC(C)=O,9.042142183064955
CCCCSCCCC,11.750586290680623
CCCCSP(=O)(SCCCC)SCCCC,9.781647684984131
CCCC[C@@H](C)CCC(=O)O,10.331206615338406
CCCC[C@@H]1OC(=O)C2=CCCC[C@@H]21,7.98738468649995
CCCC[C@H](C)CCC(=O)O,10.615203271703606
CCCC[C@H]1OC(=O)C[C@@H]1C,12.892720537675464
CCCC[C@H]1OC(=O)C[C@H]1C,14.193750533339445
CCCC[C@H]1O[C@@H]1C=O,10.268940681990866
CCCCc1ccc(C=O)cc1,9.446708528647024
CCCCc1ccccc1,9.455725847878876
CCCCc1ccccn1,10.875736307687333
CCCCc1cnc(C)cn1,8.980393736055444
CCCCc1cncc(C)n1,8.980393736055444
CCCCc1ncc(C)nc1C,8.960238161309185
CCCCc1nccnc1C,8.980393736055444
CCCN,9.012418683611765
CCCNCCC,9.102060484340704
CCCO,6.287145197159729
CCCOC(=O)C(C)C,10.073174934172709
CCCOC(=O)CC,8.617898572013798
CCCOC(=O)CC(C)C,11.64049348297164
CCCOC(=O)CCC,9.033883618213448
CCCOC(C)=O,6.164068048814145
CCCOC=O,7.40093744043139
CCCS,10.199134929350139
CCCSC(C)=O,8.926493115085652
CCCSCCC,9.561217705696006
CCCSSCCC,9.063050301106077
CCC[C@@H](O)CC(=O)OC,10.842686488189706
CCC[C@H](O)CC(=O)OC,7.523431672419526
CCC[C@H](S)CCO,12.282796844114337
CCC[C@H]1O[C@@H]1C=O,10.258112538204678
CCC[N+](=O)[O-],5.8709388154238304
CCCc1ccc(C=O)cc1,8.129470170548375
CCCc1ccc(O)cc1,10.09276529008162
CCCc1cccc(O)c1,12.14293189954735
CCCc1ccccc1,8.361328355272677
CCCc1ccccc1O,9.490705298753657
CCCc1ccccn1,10.042049014506812
CCCc1cnc(C)cn1,8.008716880374347
CCCc1cncc(C)n1,8.008716880374347
CCCc1ncc(C)nc1C,9.805772673820677
CCCc1nccnc1C,8.008716880374347
CCN,8.734953981634977
CCN(C)C,7.651708199794082
CCN(CC)CC,8.245893501393704
CCN(CC)CCO,9.36992796165971
CCN1CCOCC1,8.459302000316065
CCNCC,8.813963745550835
CCNc1ccccc1C,8.984880777112402
CCO,5.694925836757234
CCOC(=O)C(=O)OCCC(C)CCC=C(C)C,10.262691732713865
CCOC(=O)C(C)C,11.587935348636355
CCOC(=O)C(C)CC,10.482982799983473
CCOC(=O)C1CC=CCC1,8.831446600965386
CCOC(=O)C1CCCCC1,13.415599282955803
CCOC(=O)C1OC1(C)c1ccccc1,14.46927696576228
CCOC(=O)CC,8.337954748417298
CCOC(=O)CC(C)C,11.233003430931365
CCOC(=O)CCSC,10.02041232108114
CCOC(=O)CS,10.17671691604763
CCOC(=O)CSC,7.738676890641152
CCOC(=O)Cc1ccccc1,10.392574363179545
CCOC(=O)SCC,10.826722520168993
CCOC(=O)c1ccccc1,9.374490397883916
CCOC(=O)c1ccccc1C(=O)OCC,8.328308288515652
CCOC(=S)S,9.609999703842231
CCOC(C)=O,7.239802471247486
CCOC1CCC=CO1,9.107789772728122
CCOC=O,6.4361706600774955
CCOCC,7.892229383030427
CCOCCC(=O)OCC,10.1235130977654
CCOCCO,7.261492179102065
CCOCCOC(C)=O,8.643975489117684
CCOCCOCCO,7.8793479588110955
CCOCCOCCOC(C)=O,8.967281879492818
CCO[P@](=S)(Oc1ccc([N+](=O)[O-])cc1)c1ccccc1,8.111679128904735
CCO[Si](OCC)(OCC)OCC,6.827390120022839
CCOc1cc(C=O)ccc1O,13.08233739882834
CCS,11.24489527500429
CCSC,9.398913758751528
CCSC(C)=O,8.871631304537553
CCSCC,10.301950688452305
CCSSC,9.771787586865361
CCSSCC,9.610156032234931
CCSSSCC,10.985870131051843
CC[C@@H](C)C=O,8.935174616002774
CC[C@@H](C)CCC=O,9.580499211645396
CC[C@@H](C)O,6.2487767065442394
CC[C@@H](C)[C@H](O)C(=O)OC,9.1235130977654
CC[C@H](C)C=O,9.935174616002774
CC[C@H](C)CC=O,9.523577397132254
CC[C@H](C)O,6.098365507438019
CC[C@H](C)[C@@H](O)C(=O)OC,10.1235130977654
CC[C@H](C)[C@H](O)C(=O)OC,10.164905782923626
CC[Si](C1CC1)(C1CC1)C(C)(C)O,10.975282969579649
CC\C=C/C=C\C=C/C=O,14.833127979575863
CC\C=C/C=C\C=C\C=O,12.134157975239845
CCc1ccc(C)cc1,9.467102545076981
CCc1ccc(C)nc1,10.043851076641225
CCc1ccc(C=O)cc1,10.01373796187307
CCc1ccc(CC)cc1,10.805604411080674
CCc1ccc(O)c(OC)c1,12.94383405049335
CCc1cccc(C)c1,9.135403729646548
CCc1cccc(CC)c1,8.536759098788094
CCc1cccc(O)c1,10.936438911402
CCc1ccccc1,7.954955405628626
CCc1ccccc1C,8.52358390102943
CCc1ccccc1CC,9.411820362179794
CCc1ccccn1,9.274141637894227
CCc1cnc(C)c(C)n1,8.833140734560795
CCc1cnc(C)cn1,9.530665627932589
CCc1cnc(CC)c(CC)n1,8.32341606372201
CCc1cnc(CC)cn1,10.08433040967015
CCc1cncc(CC)n1,10.08433040967015
CCc1cnccn1,8.63606242042738
CCc1nc(C)cnc1C,10.577868229457488
CCc1ncc(C)nc1C,13.126016040012097
CCc1ncc(C)nc1CC,13.07198470541396
CCc1nccnc1C,9.226888476996898
CCc1nccnc1CC,9.874913760285832
CN,8.754337891456665
CN(C)C,10.470645657886728
CN(C)C=O,8.717759634758737
CN(C)CCO,9.25109288120606
CN(C)N,6.418794820299761
CN(C)N=O,9.3785829443175
CN(C)c1ccccc1,10.004260453617412
CN1CCCC1=O,6.573163245624778
CN1CCC[C@H]1c1cccnc1,9.390603294521735
CN=C=O,7.057300869198918
CN=C=S,7.771690467316976
CNC,8.883180062368908
CNC(=O)C(C)SCCSP(=O)(OC)OC,10.043427273723703
CNC(=O)CSP(=S)(OC)OC,10.360333971029922
CNCCO,7.384341850220105
CNN,7.146132263536868
CO,5.636487896353366
COC,5.105261338900933
COC(=O)C(C)C,10.982363596416434
COC(=O)CC(C)C,10.023663918197794
COC(=O)c1ccccc1,10.847002011812124
COC(=O)c1ccccc1N,13.40129999801413
COC(=O)c1ccccc1O,9.233306046899152
COC(C)(C)C,8.524855699329438
COC(C)(C)CCCC(C)C=O,10.952903382963205
COC(C)=O,5.828302425969579
COC(Cc1ccccc1)OC,11.442532027590701
COC(OC)[C@H](C)c1ccccc1,8.857928036457082
COC1(C(=O)N[C@@H](C)c2ccc(-n3cc(F)cn3)nc2)CCC(c2nc(C)cc(Nc3cc(C)[nH]n3)n2)CC1,10.57039741423213
COC=O,4.67310079326965
COCC(C)O,6.386629097015488
COCC(C)OC(C)=O,9.096487732502256
COCCC(C)(C)S,14.93778926327279
COCCO,5.602602520420256
COCCOC(C)=O,7.868247574068175
COP(=O)(OC)C(O)C(Cl)(Cl)Cl,8.036576952301585
COP(=S)(OC)Oc1ccc([N+](=O)[O-])cc1,10.323394022159832
COP(OC)OC,11.394717779777
COc1c(Br)c(Br)c(Br)c(Br)c1Br,11.555111730147805
COc1c(Br)cc(Br)cc1Br,11.391474487575872
COc1c(Br)cc(Cl)cc1Br,11.222394170380968
COc1c(Br)ccc(Cl)c1Br,11.222394170380968
COc1c(C(C)(C)C)cc([N+](=O)[O-])c(C)c1[N+](=O)[O-],12.775357976612662
COc1c(Cl)c(Cl)c(Cl)c(Cl)c1Cl,11.24360381388688
COc1c(Cl)c(Cl)cc(Cl)c1Cl,10.798617092759804
COc1c(Cl)cc(Cl)cc1Cl,13.626289029295675
COc1c(Cl)ccc(Br)c1Cl,11.261986373237239
COc1c(Cl)ccc(Cl)c1Cl,11.121139050975769
COc1c(Cl)cccc1Cl,11.20845624633485
COc1cc(C=O)ccc1O,12.663755162423206
COc1cc(Cl)c(Cl)c(Cl)c1,9.808195160149038
COc1cc(Cl)c(Cl)c(Cl)c1Cl,12.564719047454844
COc1cc(Cl)c(Cl)cc1Cl,10.617688857533757
COc1cc(Cl)cc(Cl)c1,8.578376745118195
COc1cc(Cl)ccc1Cl,9.600663899244042
COc1ccc(-c2nn(CC(=O)N3c4ccccc4Sc4ccc(C(F)(F)F)cc43)c(=N)s2)cc1OC,9.037091683257106
COc1ccc(C)cc1,11.78592391357001
COc1ccc(C=O)cc1,11.983502647843993
COc1ccc(Cl)c(Cl)c1,10.00179455705934
COc1ccc(Cl)c(Cl)c1Cl,9.842671264104926
COc1ccc(Cl)cc1,10.691675842063761
COc1ccc(Cl)cc1Cl,10.204337191928278
COc1ccc2ccccc2c1,10.898176483497677
COc1cccc(Cl)c1,9.616884613719073
COc1cccc(Cl)c1Cl,10.022737587632799
COc1ccccc1,8.071846722208665
COc1ccccc1Cl,9.997827649565373
COc1ccccc1O,11.491848251282306
COc1nc(C)cnc1C,9.392225730584874
COc1ncc(C)nc1C,17.140413757591073
COc1nccnc1C(C)C,13.753739843796538
COc1nccnc1CC(C)C,13.743572474205386
CS,10.992129736046762
CSC(C)=O,8.593223442404945
CSCCC=O,11.915699348887829
CSCCCO,7.793087510408833
CSCC[C@@H](N)C(=O)O,11.831389802433634
CSCC[C@H](N)C(=O)O,10.918539978152534
CSCSC,9.080109161688624
CSCSSCSC,9.270427268369817
CSCc1ccco1,11.204784487449597
CSSC,9.244924276183212
CSSCc1ccco1,12.2885788117864
CSSSC,10.2262423564738
CSSSSC,9.08564180266815
CSSc1cc(C)oc1C,11.485397614229203
CSSc1ccoc1C,11.952258278979565
CSc1cc(C)oc1C,9.943694904225126
CSc1ccoc1C,9.366437682637164
C[C@@H](CO)c1ccccc1,8.134157975239845
C[C@@H](S)c1ccccc1,13.441648012525647
C[C@@]12C=CC[C@H]1[C@@H]1CCC3=CC(=O)CC[C@]3(C)[C@H]1CC2,14.131002388743692
C[C@@]12C=CC[C@H]1[C@@H]1CCc3cc(O)ccc3[C@H]1CC2,10.50238102496358
C[C@H](C=O)c1ccccc1,9.826651318515927
C[C@H](S)c1ccccc1,13.441648012525647
C[C@H]1CC(C)(C)C2=C(C[C@@]3(C)O[C@H]3C2)C1(C)C,11.36992610873712
C[C@H]1CCC[C@@]2(C)CCCC[C@]12O,12.260803344480584
C[C@]12CCC(=O)C[C@@H]1CC[C@@H]1[C@@H]2CC[C@]2(C)C=CC[C@@H]12,14.496738393509151
C[C@]12CC[C@@H](O)C[C@@H]1CC[C@@H]1[C@@H]2CC[C@]2(C)C=CC[C@@H]12,13.874907671088705
C[C@]12CC[C@H](O)C[C@@H]1CC[C@@H]1[C@@H]2CC[C@]2(C)C=CC[C@@H]12,10.71418420067032
C[CH]O,9.238827477447684
C[C](C)O,11.169439298978942
C[N+](=O)[O-],5.692192839784589
C[S],9.158844138588389
Cc1c(N=C=O)cccc1N=C=O,8.895847882359337
Cc1c[nH]c2ccccc12,11.859263056188489
Cc1cc(C)c(N)c(C)c1,10.017065460483803
Cc1cc(C)cc(C)c1,8.000705155749092
Cc1cc(C)cc(O)c1,12.484893917906028
Cc1cc(S)c(C)o1,13.262776434427284
Cc1cc(SSc2cc(C)oc2C)c(C)o1,12.453931140370143
Cc1cc([N+](=O)[O-])cc([N+](=O)[O-])c1O,10.334819364286409
Cc1ccc(C(C)C)cc1,7.902376025573528
Cc1ccc(C)c(C)c1,8.309034390154572
Cc1ccc(C)c(C)c1C,9.342493870803827
Cc1ccc(C)c(O)c1,11.387983904897972
Cc1ccc(C)cc1,8.185373017477474
Cc1ccc(C)o1,5.482854424505555
Cc1ccc(C=O)cc1,11.000546143679681
Cc1ccc(C=O)s1,10.54485563886133
Cc1ccc(CS)o1,13.329723224057897
Cc1ccc(Cl)cc1N,9.151066320394346
Cc1ccc(N)cc1,8.950835247519095
Cc1ccc(N=C=O)cc1N=C=O,8.895847882359337
Cc1ccc(O)c(=O)o1,11.219939377170547
Cc1ccc(O)c(C)c1,9.936438911402
Cc1ccc(O)cc1,11.653775123528
Cc1ccc(O)cc1C,10.609832654514328
Cc1ccc(S)s1,12.83598078276512
Cc1ccc2ccccc2c1,10.550842659165326
Cc1cccc(C)c1,8.301795084436383
Cc1cccc(C)c1O,11.78592391357001
Cc1cccc(C)n1,10.552895238847055
Cc1cccc(C=O)c1,8.301576139343663
Cc1cccc(N)c1,7.728986497902738
Cc1cccc(O)c1,11.334322599160267
Cc1cccc(O)c1C,11.387983904897972
Cc1cccc([N+](=O)[O-])c1,8.73921780281799
Cc1ccccc1,7.420384876960408
Cc1ccccc1C,7.7628239974703455
Cc1ccccc1C=O,10.097456156687738
Cc1ccccc1N,8.988623808408494
Cc1ccccc1O,10.895755463152984
Cc1ccccn1,9.619599937447349
Cc1ccncc1C,10.3310464892307
Cc1cnc(C(C)C)c(C)n1,8.127524190015095
Cc1cnc(C)c(C)n1,9.246347510012082
Cc1cnc(C)cn1,8.288742274417743
Cc1cncc(C)c1,10.3310464892307
Cc1cncc(C)n1,8.217268201309626
Cc1cnccn1,7.6949144745399956
Cc1coc2c1CCC(C)C2,12.026215650858905
Cc1coc2c1CC[C@@H](C)C2,11.574670657362933
Cc1nc(C)c(C)nc1C,8.29532163948752
Cc1nc(C)c(C)s1,10.548225579790165
Cc1nccnc1C,8.084639838304671
Cc1occc1S,13.35857819277366
Cc1occc1SSc1ccoc1C,13.534173239046225
Cc1sccc1S,13.308554409734063
Cl,7.982044979071491
ClC(Br)I,8.13984506278244
ClC(Cl)(Cl)Cl,5.739863245776466
ClC(Cl)=C(Cl)Cl,7.140492330218413
ClC(Cl)C(Cl)Cl,7.273376352088059
ClC(Cl)Cl,5.900833039605857
ClC(I)I,8.593918688373256
ClC1=C(Cl)C(Cl)(Cl)C(Cl)=C1Cl,8.20535245878751
ClC1C(Cl)C(Cl)C(Cl)C(Cl)C1Cl,8.958492211552212
ClC=C(Cl)Cl,6.79633971250451
ClCC(Br)CBr,9.134965578192062
ClCC1CO1,7.417063109332722
ClCCCl,5.7167060856682355
ClCCl,5.184801106237643
ClCI,8.100331151541237
ClCc1ccccc1,9.252002040303697
ClCl,8.488955150316947
ClSCl,10.940490979504364
Clc1cc(Cl)cc(Cl)c1,7.466362889565306
Clc1ccc(Cl)c(Cl)c1,6.916331898241354
Clc1ccc(Cl)cc1,8.304006292003862
Clc1ccccc1,7.339347963363192
Clc1ccccc1Cl,7.544079861726418
F,8.824039009749546
FB(F)F,7.208018834908673
FC(Cl)(Cl)Cl,4.388923403924956
FC(F)(Cl)Cl,2.087716052094048
FC(F)(F)C(Cl)Br,6.3986216887989595
FC(F)(F)Cl,2.0874838356934657
FC(F)Cl,2.0868221561949674
FF,8.253131622114285
FOF,8.389930864686931
FS(F)(F)(F)(F)F,0.7843051873503785
II,7.400183933105669
N=c1sc(-c2cccs2)nn1CC(=O)N1c2ccccc2Sc2ccccc21,8.625888383862849
NC1CCCCC1,7.003857449370073
NCCCCCCN,10.560086048497414
NCCCCN,9.02145569368385
NCCN,7.273724493682834
NCCO,6.973014111837272
NN,6.821005168870057
N[C@@H](CS)C(=O)O,10.43015033534148
N[C@H](CS)C(=O)O,10.402121611741237
Nc1ccc(Cl)c(Cl)c1,9.142318019411121
Nc1ccc(Cl)cc1,8.52931237456531
Nc1cccc(Cl)c1,8.060439193975526
Nc1ccccc1,7.646373804940811
Nc1ccccc1Cl,8.266913082024928
O=C(Cl)Cl,7.694236550227346
O=C(O)CCl,9.806275622063652
O=C(O)CS,11.06125922783174
O=C(O)Cc1ccccc1,12.656896390956321
O=C(O)[C@@H]1CCCN1,7.569834355181308
O=C(O)[C@H]1CCCN1,7.680984807303974
O=C/C=C/c1ccccc1,12.212621583300983
O=C/C=C\c1ccccc1,9.282257511442378
O=C1/C=C/CCCCCCCCCCCCO1,9.157145330368477
O=C1C=CC(=O)O1,7.934506925959107
O=C1CCCC1,5.654599080045347
O=C1CCCC=CCCCCCCCCCC1,9.309187645861316
O=C1CCCCC1,7.801762558498241
O=C1CCCCCCC/C=C\CCCCCCO1,9.308664224077036
O=C1CCCCCCCCCCC(=O)OCCO1,9.387630469322165
O=C1CCCCCCCCCCCC(=O)OCCO1,9.612412959195414
O=C1CCCCCCCCCCCCCC1,9.13351568344538
O=C1CCCCCCCCCCCCCCO1,10.224188292339942
O=C1CCCCCCCCCCOCCCCO1,9.183585025046241
O=C1CCCCCCCCCOCCCCCO1,9.484615020710223
O=C1CCCCCCCCOCCCCCCO1,9.435766453172405
O=C1CCCCCN1,8.576571684065291
O=C1OC(=O)c2ccccc21,8.665454928833896
O=C=NCCCCCCN=C=O,9.531232621107309
O=C=Nc1ccc(Cc2ccc(N=C=O)cc2)cc1,7.796326242750889
O=C=Nc1ccc(Cl)cc1,10.186300728252327
O=C=Nc1cccc(Cl)c1,10.010209469196646
O=C=O,2.699524803573072
O=C=S,8.50667421546985
O=CC(Cl)(Cl)Cl,9.25113169957433
O=CC1=CCCCC1,8.097525485223358
O=CC1C=CCCC1,8.166946893981827
O=CC1CC2C=CC1C2,8.3440931959932
O=CC1CC=CCC1,9.865916898317845
O=CC1CCCCC1,10.74885446764594
O=CCCC1CCCC1,10.35286788656909
O=CCCC1CCCCC1,8.82460925106251
O=CCCCC1CCCC1,10.301730505782173
O=CCCCC1CCCCC1,8.887203623529311
O=CCCCC=O,10.82441656846694
O=CCCCCC1CC1,9.987112561268454
O=CCCCCC1CCC1,10.523579255398529
O=CCCCCCC1CC1,11.69967051445421
O=CCCCCCCC1CC1,10.909480018240464
O=CCCCCCCCc1ccccc1,8.031542399789481
O=CCCCCCc1ccccc1,10.100023266158505
O=CCCCCc1ccccc1,10.704986543890056
O=CCCCc1ccccc1,9.47189285137058
O=CCCS,11.176800028038896
O=CCCc1ccccc1,9.048500068132283
O=CCS,12.103347529231339
O=CCc1ccccc1,11.186728017403855
O=CO,6.569572112013817
O=Cc1ccc2c(c1)OCO2,12.69935490816115
O=Cc1ccc2ccccc2c1,8.914882940319421
O=Cc1cccc(Br)c1,8.267218676620118
O=Cc1cccc2ccccc12,7.637334040504963
O=Cc1ccccc1,8.240483775930024
O=Cc1ccco1,7.99142951878468
O=Nc1ccccc1,8.689217509864342
O=S(=O)(O)O,8.21342477880644
O=S=O,7.497074165169134
O=[N+]([O-])O,7.954325224320425
O=[N+]([O-])[N+](=O)[O-],8.602107194684555
O=[N+]([O-])c1ccc(O)cc1,7.781630514597874
O=[N+]([O-])c1cccc(Cl)c1,9.896404950832231
O=[N+]([O-])c1cccc(O)c1,7.666237095895804
O=[N+]([O-])c1ccccc1,8.914205599934698
O=[N+]([O-])c1ccccc1O,11.064177104567841
O=[O+][O-],9.520104445755242
O=c1ccc2ccccc2o1,12.782695895410331
OC/C=C/c1ccccc1,12.650560059460245
OC1CCCC1,4.153790344494515
OC1CCCCC1,8.194518677868029
OCCCCCCCCS,9.691799228165747
OCCCCCCCS,10.09187497058046
OCCCCCCS,9.849141283175765
OCCCS,10.575480977847388
OCCCc1ccccc1,9.734487700513053
OCCCl,7.826690157228338
OCCNCCO,8.472401939802406
OCCO,6.678924399153027
OCCS,8.512639932999116
OCCc1ccccc1,9.609832654514328
OCc1cc(Cl)cc(Cl)c1Cl,11.077285767269887
OCc1ccco1,6.486523456096418
Oc1c(Cl)cc(Cl)cc1Cl,12.091332756361876
Oc1ccc(Cl)cc1,11.638926712645901
Oc1ccc(Cl)cc1Cl,11.780831833321388
Oc1ccccc1,9.346738398104172
Oc1ccccc1Br,13.922798261117087
Oc1ccccc1Cl,11.939956708309882
Oc1ccccc1I,13.918025542847591
P,7.460582832794378
S,10.07333277234702
S=C=Nc1ccccc1,9.612433840629812
S=C=S,8.603490140627853
SCCN1CCSC1,13.475043258954495
SCc1ccco1,13.106003203613708
SCc1cccs1,13.336583133334305
Sc1ccccc1,11.895978674022807
Sc1cccs1,11.366273496850445
[2H]O[2H],10.097500329344365
[3H]O[3H],9.865914898577891
[C-]#[N+]C,9.642018493388138
[C-]#[N+]C(C)(C)C,7.6970622059756835
[C-]#[N+]c1ccccc1,6.971967065038907
[C-]#[O+],6.36365444144948
[CH2]C,9.065385489764695
[CH]1CC1,10.499613072871208
c1ccc(-c2ccccc2)cc1,10.03978557450512
c1ccc(C2CO2)cc1,8.602606135007644
c1ccc(CSCc2ccccc2)cc1,10.605644142917292
c1ccc(Cc2ccccc2)cc1,8.613142821552367
c1ccc(Nc2ccccc2)cc1,8.114526303178259
c1ccc(Oc2ccccc2)cc1,12.000538701849328
c1ccc(Sc2ccccc2)cc1,10.24368900231589
c1ccc2[nH]ccc2c1,10.922617964404793
c1ccc2c(c1)CCCC2,9.42228116115975
c1ccc2ccccc2c1,9.30676994214203
c1ccc2occc2c1,9.391137348256027
c1ccccc1,6.834923621546659
c1ccncc1,8.36670854721374
c1ccoc1,6.385829618669783
c1ccsc1,9.240410063409222
c1coc(CSSCc2ccco2)c1,14.877605517592148
c1cscn1,7.218280505865701
